experiment,model,Precision,Recall,Macro-F1,n
exp1,exp1_baseline,0.5921574629724449,0.7057404361544926,0.5987293458582245,104
exp1,exp1_permutation,0.650178204624283,0.7174790219861525,0.6552997771744601,104
exp1,exp1_full,0.7103553032743662,0.7213961971460155,0.698824249274829,104
exp1,exp1_synthetic,0.6435544508404436,0.7148049526609037,0.6424186769911844,104
