experiment,model,Precision,Recall,Macro-F1,n
exp3,exp3_warmup,0.7015458113264932,0.7331128393373059,0.6964665355961462,104
exp3,exp3_no_warmup,0.6937859220384328,0.7223837295555025,0.6838836708235718,104
exp3,exp3_staged,0.6632377665959327,0.6999388049806753,0.6653723057337027,104
