experiment,model,Precision,Recall,Macro-F1,n
exp2,exp2_mixed,0.5542066730148851,0.725169989593968,0.5665881025654108,104
exp2,exp2_sequential,0.6232879858437438,0.6936088600399034,0.6279606901558522,104
exp2,exp2_structured,0.6034296400557616,0.7142463411797894,0.6169435782520143,104
exp2,exp2_unstructured,0.6586142421352227,0.699038736697163,0.6591308044862287,104
